URL,Title (â‰¤60 chars),Meta Description (â‰¤155 chars),OG Title,OG Description,Twitter Title,Twitter Description,A/B Variant Title,A/B Variant Meta
/,Cross-Border Marriage Kits - Expert PDF Guides,Get married abroad with confidence! Expert PDF guides for 30+ country pairs. Step-by-step checklists, official forms, and legal requirements. Instant download. âœ…,Cross-Border Marriage Kits - Expert PDF Guides,Get married abroad with confidence! Expert PDF guides for 30+ country pairs. Step-by-step checklists, official forms, and legal requirements. Instant download.,Cross-Border Marriage Kits - Expert PDF Guides,Get married abroad with confidence! Expert PDF guides for 30+ country pairs. Step-by-step checklists, official forms, and legal requirements.,Marriage Kits for International Couples - LexAtlas,Complete marriage guides for 30+ country pairs. Expert PDFs with step-by-step checklists, official forms, and legal requirements. Save time and avoid costly mistakes. ğŸ’
/kits,Cross-Border Marriage Kits by Country Pair,Explore ready-to-use legal kits for international marriages. Official sources, step-by-step guidance, instant download. Choose your country pair and get married with confidence.,Cross-Border Marriage Kits by Country Pair,Explore ready-to-use legal kits for international marriages. Official sources, step-by-step guidance, instant download.,Cross-Border Marriage Kits by Country Pair,Explore ready-to-use legal kits for international marriages. Official sources, step-by-step guidance, instant download.,Marriage Kits for International Couples,Ready-to-use legal kits for international marriages. Official sources, step-by-step guidance, instant download. Choose your country pair today. ğŸ‡«ğŸ‡·
/pricing,Marriage Kit Pricing - Individual & Bundles,Choose the perfect marriage kit for your country pair. Individual kits â‚¬29 or save with bundles. Instant download after purchase. Expert guidance included.,Marriage Kit Pricing - Individual & Bundles,Choose the perfect marriage kit for your country pair. Individual kits â‚¬29 or save with bundles. Instant download after purchase.,Marriage Kit Pricing - Individual & Bundles,Choose the perfect marriage kit for your country pair. Individual kits â‚¬29 or save with bundles. Instant download after purchase.,Marriage Kit Prices & Bundles,Individual marriage kits â‚¬29 or save with bundles. Expert PDF guides for international marriages. Instant download after purchase. ğŸ’°
/about,About LexAtlas - Expert Marriage Guidance,LexAtlas creates trusted, step-by-step marriage kits for international couples. Clear guidance, official sources, and instant downloads. Expert-verified content.,About LexAtlas - Expert Marriage Guidance,LexAtlas creates trusted, step-by-step marriage kits for international couples. Clear guidance, official sources, and instant downloads.,About LexAtlas - Expert Marriage Guidance,LexAtlas creates trusted, step-by-step marriage kits for international couples. Clear guidance, official sources, and instant downloads.,About LexAtlas - Your Marriage Experts,Trusted marriage kits for international couples. Expert-verified content, official sources, and instant downloads. Clear guidance for your journey. ğŸ‘¥
/faq,Marriage Kit FAQ - Common Questions,Get answers to common questions about international marriage procedures, document requirements, and kit delivery. Expert guidance for your journey.,Marriage Kit FAQ - Common Questions,Get answers to common questions about international marriage procedures, document requirements, and kit delivery.,Marriage Kit FAQ - Common Questions,Get answers to common questions about international marriage procedures, document requirements, and kit delivery.,Marriage Questions & Answers,Common questions about international marriage procedures, document requirements, and kit delivery. Expert answers for your journey. â“
/contact,Contact LexAtlas - Expert Marriage Support,Need help with your international marriage? Contact our expert team for personalized guidance and support. Get answers to your questions.,Contact LexAtlas - Expert Marriage Support,Need help with your international marriage? Contact our expert team for personalized guidance and support.,Contact LexAtlas - Expert Marriage Support,Need help with your international marriage? Contact our expert team for personalized guidance and support.,Get Marriage Help - Contact LexAtlas,Need help with your international marriage? Expert team ready to help. Personalized guidance and support for your journey. ğŸ“
/kits/fra-usa,France â‡„ United States Marriage Guide (2025) | LexAtlas,Documents, CCAM/recognition, Ã©tapes lÃ©gales pour un mariage Franceâ€“USA. Kit PDF prÃªt Ã  l'emploi, tÃ©lÃ©chargement instantanÃ©.,France â‡„ United States Marriage Guide (2025) | LexAtlas,Documents, CCAM/recognition, Ã©tapes lÃ©gales pour un mariage Franceâ€“USA. Kit PDF prÃªt Ã  l'emploi, tÃ©lÃ©chargement instantanÃ©.,France â‡„ United States Marriage Guide (2025) | LexAtlas,Documents, CCAM/recognition, Ã©tapes lÃ©gales pour un mariage Franceâ€“USA. Kit PDF prÃªt Ã  l'emploi, tÃ©lÃ©chargement instantanÃ©.,France USA Marriage Guide - Expert PDF,Complete marriage guide for US citizens in France. Step-by-step process, official forms, and document checklist. Expert-verified content. ğŸ’
/kits/fra-gbr,France â‡„ United Kingdom Marriage Guide (2025) | LexAtlas,Documents, CNI/recognition, Ã©tapes lÃ©gales pour un mariage Franceâ€“UK. Kit PDF prÃªt Ã  l'emploi, tÃ©lÃ©chargement instantanÃ©.,France â‡„ United Kingdom Marriage Guide (2025) | LexAtlas,Documents, CNI/recognition, Ã©tapes lÃ©gales pour un mariage Franceâ€“UK. Kit PDF prÃªt Ã  l'emploi, tÃ©lÃ©chargement instantanÃ©.,France â‡„ United Kingdom Marriage Guide (2025) | LexAtlas,Documents, CNI/recognition, Ã©tapes lÃ©gales pour un mariage Franceâ€“UK. Kit PDF prÃªt Ã  l'emploi, tÃ©lÃ©chargement instantanÃ©.,France UK Marriage Guide - Expert PDF,Complete marriage guide for UK citizens in France. Step-by-step process, official forms, and document checklist. Expert-verified content. ğŸ’
/kits/fra-can,France â‡„ Canada Marriage Guide (2025) | LexAtlas,Documents, recognition, Ã©tapes lÃ©gales pour un mariage Franceâ€“Canada. Kit PDF prÃªt Ã  l'emploi, tÃ©lÃ©chargement instantanÃ©.,France â‡„ Canada Marriage Guide (2025) | LexAtlas,Documents, recognition, Ã©tapes lÃ©gales pour un mariage Franceâ€“Canada. Kit PDF prÃªt Ã  l'emploi, tÃ©lÃ©chargement instantanÃ©.,France â‡„ Canada Marriage Guide (2025) | LexAtlas,Documents, recognition, Ã©tapes lÃ©gales pour un mariage Franceâ€“Canada. Kit PDF prÃªt Ã  l'emploi, tÃ©lÃ©chargement instantanÃ©.,France Canada Marriage Guide - Expert PDF,Complete marriage guide for Canadians in France. Step-by-step process, official forms, and document checklist. Expert-verified content. ğŸ’
/kits/fra-mar,France â‡„ Morocco Marriage Guide (2025) | LexAtlas,Documents, transcription, Ã©tapes lÃ©gales pour un mariage Franceâ€“Maroc. Kit PDF prÃªt Ã  l'emploi, tÃ©lÃ©chargement instantanÃ©.,France â‡„ Morocco Marriage Guide (2025) | LexAtlas,Documents, transcription, Ã©tapes lÃ©gales pour un mariage Franceâ€“Maroc. Kit PDF prÃªt Ã  l'emploi, tÃ©lÃ©chargement instantanÃ©.,France â‡„ Morocco Marriage Guide (2025) | LexAtlas,Documents, transcription, Ã©tapes lÃ©gales pour un mariage Franceâ€“Maroc. Kit PDF prÃªt Ã  l'emploi, tÃ©lÃ©chargement instantanÃ©.,France Morocco Marriage Guide - Expert PDF,Complete marriage guide for Moroccans in France. Step-by-step process, official forms, and document checklist. Expert-verified content. ğŸ’
/kits/fra-deu,France â‡„ Germany Marriage Guide (2025) | LexAtlas,Documents, reconnaissance, Ã©tapes lÃ©gales pour un mariage Franceâ€“Allemagne. Kit PDF prÃªt Ã  l'emploi, tÃ©lÃ©chargement instantanÃ©.,France â‡„ Germany Marriage Guide (2025) | LexAtlas,Documents, reconnaissance, Ã©tapes lÃ©gales pour un mariage Franceâ€“Allemagne. Kit PDF prÃªt Ã  l'emploi, tÃ©lÃ©chargement instantanÃ©.,France â‡„ Germany Marriage Guide (2025) | LexAtlas,Documents, reconnaissance, Ã©tapes lÃ©gales pour un mariage Franceâ€“Allemagne. Kit PDF prÃªt Ã  l'emploi, tÃ©lÃ©chargement instantanÃ©.,France Germany Marriage Guide - Expert PDF,Complete marriage guide for Germans in France. Step-by-step process, official forms, and document checklist. Expert-verified content. ğŸ’
/kits/fra-che,France â‡„ Switzerland Marriage Guide (2025) | LexAtlas,Documents, reconnaissance, Ã©tapes lÃ©gales pour un mariage Franceâ€“Suisse. Kit PDF prÃªt Ã  l'emploi, tÃ©lÃ©chargement instantanÃ©.,France â‡„ Switzerland Marriage Guide (2025) | LexAtlas,Documents, reconnaissance, Ã©tapes lÃ©gales pour un mariage Franceâ€“Suisse. Kit PDF prÃªt Ã  l'emploi, tÃ©lÃ©chargement instantanÃ©.,France â‡„ Switzerland Marriage Guide (2025) | LexAtlas,Documents, reconnaissance, Ã©tapes lÃ©gales pour un mariage Franceâ€“Suisse. Kit PDF prÃªt Ã  l'emploi, tÃ©lÃ©chargement instantanÃ©.,France Switzerland Marriage Guide - Expert PDF,Complete marriage guide for Swiss in France. Step-by-step process, official forms, and document checklist. Expert-verified content. ğŸ’
/kits/fra-bel,France â‡„ Belgium Marriage Guide (2025) | LexAtlas,Documents, reconnaissance, Ã©tapes lÃ©gales pour un mariage Franceâ€“Belgique. Kit PDF prÃªt Ã  l'emploi, tÃ©lÃ©chargement instantanÃ©.,France â‡„ Belgium Marriage Guide (2025) | LexAtlas,Documents, reconnaissance, Ã©tapes lÃ©gales pour un mariage Franceâ€“Belgique. Kit PDF prÃªt Ã  l'emploi, tÃ©lÃ©chargement instantanÃ©.,France â‡„ Belgium Marriage Guide (2025) | LexAtlas,Documents, reconnaissance, Ã©tapes lÃ©gales pour un mariage Franceâ€“Belgique. Kit PDF prÃªt Ã  l'emploi, tÃ©lÃ©chargement instantanÃ©.,France Belgium Marriage Guide - Expert PDF,Complete marriage guide for Belgians in France. Step-by-step process, official forms, and document checklist. Expert-verified content. ğŸ’
/kits/fra-esp,France â‡„ Spain Marriage Guide (2025) | LexAtlas,Documents, reconnaissance, Ã©tapes lÃ©gales pour un mariage Franceâ€“Espagne. Kit PDF prÃªt Ã  l'emploi, tÃ©lÃ©chargement instantanÃ©.,France â‡„ Spain Marriage Guide (2025) | LexAtlas,Documents, reconnaissance, Ã©tapes lÃ©gales pour un mariage Franceâ€“Espagne. Kit PDF prÃªt Ã  l'emploi, tÃ©lÃ©chargement instantanÃ©.,France â‡„ Spain Marriage Guide (2025) | LexAtlas,Documents, reconnaissance, Ã©tapes lÃ©gales pour un mariage Franceâ€“Espagne. Kit PDF prÃªt Ã  l'emploi, tÃ©lÃ©chargement instantanÃ©.,France Spain Marriage Guide - Expert PDF,Complete marriage guide for Spanish in France. Step-by-step process, official forms, and document checklist. Expert-verified content. ğŸ’
/kits/fra-ita,France â‡„ Italy Marriage Guide (2025) | LexAtlas,Documents, reconnaissance, Ã©tapes lÃ©gales pour un mariage Franceâ€“Italie. Kit PDF prÃªt Ã  l'emploi, tÃ©lÃ©chargement instantanÃ©.,France â‡„ Italy Marriage Guide (2025) | LexAtlas,Documents, reconnaissance, Ã©tapes lÃ©gales pour un mariage Franceâ€“Italie. Kit PDF prÃªt Ã  l'emploi, tÃ©lÃ©chargement instantanÃ©.,France â‡„ Italy Marriage Guide (2025) | LexAtlas,Documents, reconnaissance, Ã©tapes lÃ©gales pour un mariage Franceâ€“Italie. Kit PDF prÃªt Ã  l'emploi, tÃ©lÃ©chargement instantanÃ©.,France Italy Marriage Guide - Expert PDF,Complete marriage guide for Italians in France. Step-by-step process, official forms, and document checklist. Expert-verified content. ğŸ’
/kits/fra-prt,France â‡„ Portugal Marriage Guide (2025) | LexAtlas,Documents, reconnaissance, Ã©tapes lÃ©gales pour un mariage Franceâ€“Portugal. Kit PDF prÃªt Ã  l'emploi, tÃ©lÃ©chargement instantanÃ©.,France â‡„ Portugal Marriage Guide (2025) | LexAtlas,Documents, reconnaissance, Ã©tapes lÃ©gales pour un mariage Franceâ€“Portugal. Kit PDF prÃªt Ã  l'emploi, tÃ©lÃ©chargement instantanÃ©.,France â‡„ Portugal Marriage Guide (2025) | LexAtlas,Documents, reconnaissance, Ã©tapes lÃ©gales pour un mariage Franceâ€“Portugal. Kit PDF prÃªt Ã  l'emploi, tÃ©lÃ©chargement instantanÃ©.,France Portugal Marriage Guide - Expert PDF,Complete marriage guide for Portuguese in France. Step-by-step process, official forms, and document checklist. Expert-verified content. ğŸ’
